first_name,last_name,phone,email
James,Butt,504-845-1427,jbutt@gmail.com
Josephine,Darakjy,810-374-9840,josephine_darakjy@darakjy.org
Art,Venere,856-264-4130,art@venere.org
Lenna,Paprocki,907-921-2010,lpaprocki@hotmail.com
Donette,Foller,513-549-4561,donette.foller@cox.net
Simona,Morasca,419-800-6759,simona@morasca.com
Mitsue,Tollner,773-924-8565,mitsue_tollner@yahoo.com
Leota,Dilliard,408-813-1105,leota@hotmail.com
Sage,Wieser,605-794-4895,sage_wieser@cox.net
Kris,Marrier,410-804-4694,kris@gmail.com
Minna,Amigon,215-422-8694,minna_amigon@yahoo.com
Abel,Maclead,631-677-3675,amaclead@gmail.com
Kiley,Caldarera,310-254-3084,kiley.caldarera@aol.com
Graciela,Ruta,440-579-7763,gruta@cox.net
Cammy,Albares,956-841-7216,calbares@gmail.com
Mattie,Poquette,602-953-6360,mattie@aol.com
Meaghan,Garufi,931-235-7959,meaghan@hotmail.com
Gladys,Rim,414-377-2880,gladys.rim@rim.org
Yuki,Whobrey,313-341-4470,yuki_whobrey@aol.com
Fletcher,Flosi,815-426-5657,fletcher.flosi@yahoo.com
Bette,Nicka,610-492-4643,bette_nicka@cox.net
Veronika,Inouye,408-813-4592,vinouye@aol.com
Willard,Kolmetz,972-896-4882,willard@hotmail.com
Maryann,Royster,518-448-8982,mroyster@royster.com
Alisha,Slusarski,732-635-3453,alisha@slusarski.com
Allene,Iturbide,715-530-9863,allene_iturbide@cox.net
Chanel,Caudy,913-899-1103,chanel.caudy@caudy.org
Ezekiel,Chui,410-235-8738,ezekiel@chui.com
Willow,Kusko,212-934-5167,wkusko@yahoo.com
Bernardo,Figeroa,936-597-3614,bfigeroa@aol.com
Ammie,Corrio,614-648-3265,ammie@corrio.com
Francine,Vocelka,505-335-5293,francine_vocelka@vocelka.com
Ernie,Stenseth,201-387-9093,ernie_stenseth@aol.com
Albina,Glick,732-782-6701,albina@glick.com
Alishia,Sergi,212-753-2740,asergi@gmail.com
Solange,Shinko,504-265-8174,solange@shinko.com
Jose,Stockham,212-569-4233,jose@yahoo.com
Rozella,Ostrosky,805-609-1531,rozella.ostrosky@ostrosky.com
Valentine,Gillian,210-300-6244,valentine_gillian@gmail.com
Kati,Rulapaugh,785-219-7724,kati.rulapaugh@hotmail.com
Youlanda,Schemmer,541-993-2611,youlanda@aol.com
Dyan,Oldroyd,913-645-8918,doldroyd@aol.com
Roxane,Campain,907-335-6568,roxane@hotmail.com
Lavera,Perin,305-995-2078,lperin@perin.org
Erick,Ferencz,907-227-6777,erick.ferencz@aol.com
Fatima,Saylors,952-479-2375,fsaylors@saylors.org
Jina,Briddick,617-997-5771,jina_briddick@briddick.com
Kanisha,Waycott,323-315-7314,kanisha_waycott@yahoo.com
Emerson,Bowley,608-658-7940,emerson.bowley@bowley.org
Blair,Malet,215-794-4519,bmalet@yahoo.com
